topicId,words..
1,grey christian don miss steele ve kate anastasia ana mouth
2,thought made time house great found left morning home day
3,good mind long people life years work find young give
4,lucy peter hook hansel water children long wood father gretel
5,darling mrs wendy father nana michael night captain man mother
6,mrs mother elinor dear sister father thing dashwood bennet make
7,langdon man aslan looked susan stone felt voice phone curator
8,didn looked eyes asked couldn edward alice charlie wasn mom
9,dorothea mr celia casaubon brooke husband sir james sister man
10,holmes street matter woman man case sherlock remarked friend photograph
11,mr man business men time small red day office heard
12,back face room door hand don ll voice open table
13,word langdon gettum sophie smile teabing glanced information slip ancient
14,mr verloc vladimir winnie stevie french shop women air london
15,eyes head feel hands hair back good time front arms
